No,Date,Year,Title,Keyword group (Tamil),Keyword group (English),Matched terms,Places mentioned,Source,Source country,Language,URL,Archive copy,Snippet,Match basis,Found via,Found on
140,2026-10-10,2026,கோவில்களில் உள்ள மரச்சிற்ப சிலைகள் வீணாகும் அவலம்,கல்வெட்டு,Inscription / Epigraphy,கல்வெட்டு,Tamil Nadu,temple.dinamalar.com,India,Tamil,http://temple.dinamalar.com/news_detail.php?id=81761,,"| | | | முதல் பக்கம் » இன்றைய செய்திகள் | | | கோவில்களில் உள்ள மரச்சிற்ப சிலைகள் வீணாகும் அவலம் பதிவு செய்த நாள் 07 ஜூலை 2018 03:07 ஆத்தூர்: கோவில்களில் கலைநயமிக்க மரச்சிற்பத்திலான உற்சவர் சிலைகள் உடைந்து கேட்பாரற்று கிடக்கின்றன. தமிழக அரசு நிதி ஒதுக்கீடு செய்து, இந்த சிலைகளை பாதுகாக்க வேண்டும்.தமிழ…",full-text,gdelt,2026-10-11
146,2026-10-10,2026,சமணர் கோவிலில் தெலுங்கு கல்வெட்டு: திருப்பூர் அருகே கண்டுபிடிப்பு,"கல்வெட்டு, தொல்லியல்","Inscription / Epigraphy, Archaeology / Excavation","கல்வெட்டு, கல்வெட்டுக்கள், வட்டெழுத்து, தொல்லியல்",Tamil Nadu,temple.dinamalar.com,India,Tamil,http://temple.dinamalar.com/news_detail.php?id=83142,,"| | | | முதல் பக்கம் » இன்றைய செய்திகள் | | | சமணர் கோவிலில் தெலுங்கு கல்வெட்டு: திருப்பூர் அருகே கண்டுபிடிப்பு பதிவு செய்த நாள் 19 ஆக 2018 12:08 உடுமலை:திருப்பூர் அருகே, பராமரிப்பு இல்லாமல், சிதிலமடைந்து வரும், சமணர் கோவிலில் புதிய தெலுங்கு கல்வெட்டு கண்டறியப்பட்டுள்ளது.புஞ்சை புளியம்பட்டி- அவிநாசி…",full-text,gdelt,2026-10-11
1239,2025-04-28,2025,My life as an idol hunter,"கல்வெட்டு, தொல்லியல்","Inscription / Epigraphy, Archaeology / Excavation","inscription, inscriptions, archaeological","Tamil Nadu, Puducherry",mumbaimirror.indiatimes.com,Unknown,English/Other,https://mumbaimirror.indiatimes.com/others/sunday-read/my-life-as-an-idol-hunter/articleshow/65547200.cms,https://web.archive.org/web/2/https://mumbaimirror.indiatimes.com/others/sunday-read/my-life-as-an-idol-hunter/articleshow/65547200.cms,"My life as an idol hunter SR2p For the last decade or so, S Vijay Kumar has been helping authorities stem the rampant looting of our heritage. Here, he talks about his remote encounters in the murky world of antiquities trafficking. I work for a shipping company but once the sun goes down in Singapo…",full-text,gdelt,2026-10-11
4144,2020-01-01,2020,"Archaeology Table of Contents, July/August 2002",தொல்லியல்,Archaeology / Excavation,"archaeology, archaeological, archaeologist","Sri Lanka, Egypt",archaeology.org:80,Unknown,English/Other,https://www.archaeology.org:80/0207/,https://web.archive.org/web/20091213234946/https://www.archaeology.org:80/0207/,| | | | | Special Introductory Offer Renew Subscription Buy Back Issues Give a Gift Subscription | | A publication of the Archaeological Institute of America | | | | | | Email this article The full texts of newsbriefs and selected longer articles are available online; abstracts of other departments …,full-text,wayback:archaeology.org,2026-10-11
4145,2020-01-01,2020,From the President: And the Winner is...,தொல்லியல்,Archaeology / Excavation,"archaeology, archaeological, archaeologist",Egypt,archaeology.org:80,Unknown,English/Other,https://www.archaeology.org:80/0303/etc/president.html,https://web.archive.org/web/20050210102753/https://www.archaeology.org:80/0303/etc/president.html,"| | | | | | Annual AIA Awards Each year, members of the Archaeological Institute of America (AIA) honor those whose contributions to the field of archaeology, through their research, teaching, or service to the discipline or to the interested public, have been exceptional. I am delighted to announce…",full-text,wayback:archaeology.org,2026-10-11
4146,2020-01-01,2020,The Little Colony That Couldn't,தொல்லியல்,Archaeology / Excavation,"archaeology, archaeological, archaeologist",,archaeology.org:80,Unknown,English/Other,https://www.archaeology.org:80/0603/abstracts/maine.html,https://web.archive.org/web/20060508155746/https://www.archaeology.org:80/0603/abstracts/maine.html,"| | | A publication of the Archaeological Institute of America | | | | | | A short-lived settlement founded in Maine in 1607 could have changed the course of American history--if only it had survived. Four centuries ago, a hundred Englishmen landed at the mouth of the Kennebec River on Maine's coast…",full-text,wayback:archaeology.org,2026-10-11
4148,2020-01-01,2020,"World Roundup, July/August 2005",தொல்லியல்,Archaeology / Excavation,archaeological,"Vietnam, China",archaeology.org:80,Unknown,English/Other,https://www.archaeology.org:80/0507/newsbriefs/world.html,https://web.archive.org/web/20051023082144/https://www.archaeology.org:80/0507/newsbriefs/world.html,"Asia & the Pacific China Test results finally released by the Chinese government confirm that the Bronze Age mummies first discovered in the Tarim Basin in the 1980s are indeed Caucasian. An apparently important region on the early Silk Road, the Tarim Basin, in what is today western China, was occu…",full-text,wayback:archaeology.org,2026-10-11
4149,2020-01-01,2020,Yankee Slavery,"கல்வெட்டு, தொல்லியல்","Inscription / Epigraphy, Archaeology / Excavation","inscribed, archaeology, archaeological, archaeologist",Egypt,archaeology.org:80,Unknown,English/Other,https://www.archaeology.org:80/0109/newsbriefs/slavery.html,https://web.archive.org/web/20050204075109/https://www.archaeology.org:80/0109/newsbriefs/slavery.html,"| | | | | | Most people do not think of New England as a ""massive landscape of slavery,"" but that's what archaeologist Gerald Sawyer sees when he looks at documentary and archaeological evidence from the site of an eighteenth-century plantation in southeastern Connecticut. The 30-square-mile plantat…",full-text,wayback:archaeology.org,2026-10-11
4824,2018-09-29,2018,How India Influenced Southeast Asian Civilization,கல்வெட்டு,Inscription / Epigraphy,"inscription, inscriptions","Tamil Nadu, Indonesia, Vietnam, Myanmar, China, Cambodia",thediplomat.com,Unknown,English/Other,https://thediplomat.com/2018/10/how-india-influenced-southeast-asian-civilization/,,"Last month, Asia-watchers would have taken note of a cultural controversy relating to representation of various Asian ethnicities in the movie Crazy Rich Asians. Now, another debate has risen over the origin of elements of Indonesian culture, and its relation to Indian civilization. This itself was …",full-text,gdelt,2026-10-11
4828,2018-09-24,2018,"சிதம்பரம் நடராசர் கோயிலும், சட்டச் சிக்கல்களும்","கல்வெட்டு, தொல்லியல்","Inscription / Epigraphy, Archaeology / Excavation","கல்வெட்டு, கல்வெட்டுகள், தொல்லியல்","Tamil Nadu, Andhra / Telangana",dinamani.com,India,Tamil,http://www.dinamani.com/sattamani/2018/sep/24/chidamparam-natarajar-temple-and-its-disputes-3006948.html,,"கோயில் கட்டுமானம் ஒளிநடராசனின் வடிவை ஐயுலோகத்தில் அமைத்து, அவனுக்கு கோயிலை நிர்மாணித்துக் கொடுத்தவன் எழுத்தச்சன், பெருந்தச்சன் எனப்படும் “மயன்” (Mayan) ஆவான். இத்தில்லைக் காட்டுக் கோயில் திரேதாயுகத்தில் 17,000-மாவது ஆண்டு ஆரம்பிக்கப்பட்ட செய்தி மயநூலில் கிடைக்கிறது. இது பற்றிய மேலும் செய்திகள் வைசம்…",full-text,gdelt,2026-10-11
4829,2018-09-22,2018,The curious history of the walking stick,கல்வெட்டு,Inscription / Epigraphy,inscription,Tamil Nadu,telegraphindia.com,Unknown,English/Other,https://www.telegraphindia.com/opinion/a-proud-staff/cid/1669845,https://web.archive.org/web/2/https://www.telegraphindia.com/opinion/a-proud-staff/cid/1669845,"They are becoming a rarity, walking sticks are. And by walking sticks I mean, of course, those good old lengths of wood, the gift of trees, groves, forests. The kind our grandparents, and those of their and earlier generations used when they went out and, on returning home, carefully placed in a cho…",full-text,gdelt,2026-10-11
4836,2018-09-13,2018,How Ganesha Is An Integral Part Of Tamil Culture,கல்வெட்டு,Inscription / Epigraphy,"inscription, inscriptions, epigraphist","Tamil Nadu, Andhra / Telangana",swarajyamag.com,Unknown,English/Other,https://swarajyamag.com/culture/how-ganesha-is-an-integral-part-of-tamil-culture,,"Culture Aravindan Neelakandan Sep 13, 2018 | Updated 05:22 PM GMT+5:30 Save & read from anywhere! Bookmark stories for easy access on any device or the Swarajya app. Come the festival of Ganesha Chaturthi, the Hindu-phobic forces in Tamil Nadu offer a Pavlovian reaction. They ritualistically denounc…",full-text,gdelt,2026-10-11
4837,2018-09-09,2018,தொல்லியல் துறை - உதயசந்திரன் கவனிக்க வேண்டிய 7 விஷயங்கள் இவை தான்!,"கல்வெட்டு, நடுகல், தொல்லியல்","Inscription / Epigraphy, Hero stone / Memorial stone, Archaeology / Excavation","கல்வெட்டு, கல்வெட்டுகள், செப்பேடு, செப்பேடுகள், நடுகல், நடுகற்கள், தொல்லியல், தொல்லியல் துறை, அகழாய்வு, அகழ்வாராய்ச்சி, தொல்பொருள், முதுமக்கள் தாழி, பெருங்கற்கால, கீழடி",Tamil Nadu,vikatan.com,India,Tamil,https://www.vikatan.com/news/coverstory/136428-archaeological-department-this-is-the-7-things-that-udayachandran-needs-to-look-out-for.html,,"Open App தொல்லியல் துறை - உதயசந்திரன் கவனிக்க வேண்டிய 7 விஷயங்கள் இவை தான்! ஆயிரம் ஆண்டுகள் பழமையான கோயில்கள் ஆயிரக்கணக்கில் உள்ளன. இந்த கோயில்களின் புனரமைப்பு மற்றும் பாதுகாப்பிற்கும் தொல்லியல் துறை தான் பொறுப்பு. தற்போது பொறுப்பேற்றிருக்கும் உதயசந்திரன், பலரும் கண்டுகொள்ளாமல் விட்ட, தொல்லியல் சார்…",full-text,gdelt,2026-10-11
4838,2018-09-07,2018,'No cursed treasures or mummies’: Meet one of the youngest female archaeologists in TN,"கல்வெட்டு, தொல்லியல்","Inscription / Epigraphy, Archaeology / Excavation","inscription, inscriptions, epigraphy, archaeology, archaeologist, megalithic",Tamil Nadu,thenewsminute.com,India,English/Other,https://www.thenewsminute.com/article/no-cursed-treasures-or-mummies-meet-one-youngest-female-archaeologists-tn-87971,,"Features 'No cursed treasures or mummies’: Meet one of the youngest female archaeologists in TN From discovering wall murals to hitherto unseen inscriptions, S Deepika has many credits to her name, but the journey has not always been easy. There were two things that fascinated me as a child – archae…",full-text,gdelt,2026-10-11
4841,2018-09-06,2018,The forgotten history of Quanzhou Hindu Temples in China.,"கல்வெட்டு, தொல்லியல்","Inscription / Epigraphy, Archaeology / Excavation","inscription, inscriptions, archaeologist","Tamil Nadu, Andhra / Telangana, China",hinduexistence.org,Unknown,English/Other,https://hinduexistence.org/2018/09/06/the-forgotten-history-of-quanzhou-hindu-temples-in-china/,,"[…] On 10 October 2026, West Bengal Chief Minister Suvendu Adhikari gave CPM leader Bikash Bhattacharya …. That establishes the… For the residents of Chedian, a few thousand-year-old village of muddy by-lanes and old stone courtyard houses, she is just another form of Guanyin, the female Bodhisattva…",full-text,gdelt,2026-10-11
4842,2018-09-05,2018,Rare Tamil inscription found | Rare Tamil inscription found,"கல்வெட்டு, தொல்லியல்","Inscription / Epigraphy, Archaeology / Excavation","inscription, inscriptions, vatteluttu, archaeology",Tamil Nadu,deccanchronicle.com,India,English/Other,https://www.deccanchronicle.com/nation/current-affairs/050918/rare-tamil-inscription-found.html,,"Rare Tamil inscription found Found engraved on oil press stone at Tiruvannamalai dt. Chennai: A rare ninth-century Tamil inscription has been found engraved on an oil press stone at a village in Tiruvannamalai district. A team of archaeologists comprising Balamugan, secretary of the Centre for Tiruv…",full-text,gdelt,2026-10-11
4844,2018-09-02,2018,Tamils and Sumerians Among the FIRST to Reach Australia and Antarctica,"கல்வெட்டு, தொல்லியல்","Inscription / Epigraphy, Archaeology / Excavation","inscription, inscriptions, inscribed, tamili, vatteluttu, archaeology, archaeologist, archeological","Tamil Nadu, Andhra / Telangana, Sri Lanka, Indonesia",defence.pk,Unknown,English/Other,https://defence.pk/pdf/threads/tamils-and-sumerians-among-the-first-to-reach-australia-and-antarctica.575608/,https://web.archive.org/web/2/https://defence.pk/pdf/threads/tamils-and-sumerians-among-the-first-to-reach-australia-and-antarctica.575608/,"M JAMES VEALL Tamils and Sumerians Among the FIRST to Reach Australia and Antarctica? PART I Guest Author, Satellite Archaeologist, and Independent Researcher, William James Veall updates his recently published article on ""Antarctica Writings"" on Ancient Origins , to include an alternative perspecti…",full-text,gdelt,2026-10-11
4852,2018-08-26,2018,My life as an idol hunter,"கல்வெட்டு, தொல்லியல்","Inscription / Epigraphy, Archaeology / Excavation","inscription, inscriptions, archaeological","Tamil Nadu, Puducherry",punemirror.indiatimes.com,Unknown,English/Other,https://punemirror.indiatimes.com/others/sunday-read/my-life-as-an-idol-hunter/articleshow/65547691.cms,https://web.archive.org/web/2/https://punemirror.indiatimes.com/others/sunday-read/my-life-as-an-idol-hunter/articleshow/65547691.cms,"My life as an idol hunter S Vijay Kumar’s blog has helped trace several ancient idols which were stolen from India and exported illegally For the last decade or so, S Vijay Kumar has been helping authorities stem the rampant looting of our heritage. Here, he talks about his remote encounters in the …",full-text,gdelt,2026-10-11
4855,2018-08-23,2018,This millennium-old Jain temple in Tirupur may collapse at any time | Coimbatore News - Times of India,"கல்வெட்டு, தொல்லியல்","Inscription / Epigraphy, Archaeology / Excavation","inscription, inscriptions, vatteluttu, archaeological",,timesofindia.indiatimes.com,India,English/Other,https://timesofindia.indiatimes.com/city/coimbatore/this-millennium-old-jain-temple-in-tirupur-may-collapse-at-any-time/articleshow/65507788.cms,,"- News - City News - coimbatore News - This millennium-old Jain temple in Tirupur may collapse at any time Trending This story is from August 23, 2018 Villagers are, however, in no mood to let the Veerasangathaperumpalli temple perish due to official apathy. They have urged the state government to t…",full-text,gdelt,2026-10-11
4857,2018-08-17,2018,A gift comes out of the blue,கல்வெட்டு,Inscription / Epigraphy,inscription,Tamil Nadu,thehindu.com,India,English/Other,https://www.thehindu.com/news/cities/Tiruchirapalli/a-gift-comes-out-of-the-blue/article24717841.ece,,"City resident M.S. Syed Ibrahim is the proud possessor of a miniature copy of the Holy Quran that signifies for him, the eternal spirit of secularism in India. Encased in a gold-coloured metal box attached to a key chain and about the length of a safety pin, this mini holy book in Arabic script, is …",full-text,gdelt,2026-10-11
4859,2018-08-14,2018,``தமிழக வரலாற்றை குழந்தைகளிடம் கொண்டுசெல்ல வேண்டும்!” - மொழிபெயர்ப்பாளர் பவித்ரா ஸ்ரீனிவாசன்,கல்வெட்டு,Inscription / Epigraphy,கல்வெட்டு,,vikatan.com,India,Tamil,https://www.vikatan.com/news/miscellaneous/133997-interview-with-translator-pavithra-srinivasan.html,,Open App ``தமிழக வரலாற்றை குழந்தைகளிடம் கொண்டுசெல்ல வேண்டும்!” - மொழிபெயர்ப்பாளர் பவித்ரா ஸ்ரீனிவாசன் அறிவியலைவிட வரலாறுதான் நம்முடைய வாழ்க்கையில் அதிகமாகத் தொடர்பில் இருக்கும் ஒரு பாடம். அப்படியான வரலாற்றைச் சிறுவர்களும் விரும்பும் வண்ணம் கதையாக மாற்றிக் கொடுப்பதுதான் என்னுடைய மிக முக்கியமான நோக்கம…,full-text,gdelt,2026-10-11
4860,2018-08-13,2018,"Periyar was different from Gandhi, opposed to him, yet in his discovery of his cause he was like Gandhi",கல்வெட்டு,Inscription / Epigraphy,inscription,"Tamil Nadu, Kerala, Egypt",counterview.org,Unknown,English/Other,https://counterview.org/2018/08/13/periyar-was-different-from-gandhi-opposed-to-him-yet-in-his-discovery-of-his-cause-he-was-like-gandhi/,https://web.archive.org/web/2/https://counterview.org/2018/08/13/periyar-was-different-from-gandhi-opposed-to-him-yet-in-his-discovery-of-his-cause-he-was-like-gandhi/,"Excerpts from “India: A Million Mutinies Now” by VS Naipaul, the celebrated Caribbean writer of Indo-Nepalese descent and Nobel Laureate who was born in Trinidad with British citizenship and died in London on August 11 at 85: Within a day or so of the election result very big painted signboards bega…",full-text,gdelt,2026-10-11
4861,2018-08-11,2018,World’s First Mental Hospital by Rajendra Deva Rajaraja Chola Grandson 1100AD.,கல்வெட்டு,Inscription / Epigraphy,"inscription, epigraph","Tamil Nadu, Sri Lanka, Malaysia, Indonesia, China, Cambodia",ramanan50.wordpress.com,Unknown,English/Other,https://ramanan50.wordpress.com/2018/08/11/worlds-first-mental-hospital-by-rajendra-deva-rajaraja-chola-grandson-1100ad/,,"India has contributed to the world, Spirituality, Philosophy, Logic, Astronomy, Astronomy, Physics, Mathematics, Chemistry, Cosmology, Advanced Physics and Astronomy, Botany, Zoology, Taxidermy, Atomic theory, Music, Dance, Yoga, Medical equipment, Medicine, Surgery, Cosmetology, Dentistry, I can go…",full-text,gdelt,2026-10-11
4862,2018-08-09,2018,DMK patriarch M Karunanidhi laid to rest on the Marina; family accord tearful farewell,கல்வெட்டு,Inscription / Epigraphy,inscription,"Tamil Nadu, Kerala, Karnataka, Andhra / Telangana",mumbaimirror.indiatimes.com,Unknown,English/Other,https://mumbaimirror.indiatimes.com/news/india/dmk-patriarch-m-karunanidhi-laid-to-rest-on-the-marina-family-accord-tearful-farewell/articleshow/65327618.cms,https://web.archive.org/web/2/https://mumbaimirror.indiatimes.com/news/india/dmk-patriarch-m-karunanidhi-laid-to-rest-on-the-marina-family-accord-tearful-farewell/articleshow/65327618.cms,"DMK patriarch M Karunanidhi laid to rest on the Marina; family accord tearful farewell Chennai: With teary family members, including MK Alagiri, MK Stalin , Kanimozhi and Selvi, bidding one last adieu, the sandalwood coffin carrying mortal remains of M Karunanidhi was laid to rest with full military…",full-text,gdelt,2026-10-11
4863,2018-08-09,2018,How M Karunanidhi's Supporters Bid Adieu To Their Leader,கல்வெட்டு,Inscription / Epigraphy,inscription,Tamil Nadu,ndtv.com,India,English/Other,https://www.ndtv.com/india-news/how-m-karunanidhis-supporters-bid-adieu-to-their-leader-1897490,https://web.archive.org/web/2/https://www.ndtv.com/india-news/how-m-karunanidhis-supporters-bid-adieu-to-their-leader-1897490,"They came in their thousands to Rajaji Hall. They came to pay tribute and say goodbye to a man who was perhaps the last political giant of Tamil Nadu - truly, to use that cliche - the end of an era. 94-year-old M Karunanidhi had been Chief Minister of Tamil Nadu 5 times, elected to the Tamil Nadu As…",full-text,gdelt,2026-10-11
4864,2018-08-09,2018,Karuanidhi Laid To Rest With Full State Honors On The Marina Beach,கல்வெட்டு,Inscription / Epigraphy,inscription,"Tamil Nadu, Puducherry, Sri Lanka, Malaysia",asiantribune.com,Unknown,English/Other,http://asiantribune.com/node/92054,https://web.archive.org/web/2/http://asiantribune.com/node/92054,"Asian Tribune is published by World Institute For Asian Studies|Powered by WIAS Vol. 12 No. 2676 Karuanidhi Laid To Rest With Full State Honors On The Marina Beach DMK president M Karunanidhi, who passed away in Chennai, aged 94, was laid to rest Yesterday (Wednesday 07th August), with full state ho…",full-text,gdelt,2026-10-11
4865,2018-08-09,2018,Karuanidhi Laid To Rest With Full State Honors On The Marina Beach,கல்வெட்டு,Inscription / Epigraphy,inscription,"Tamil Nadu, Puducherry, Sri Lanka, Malaysia",asiantribune.com,Unknown,English/Other,http://www.asiantribune.com/node/92054,https://web.archive.org/web/2/http://www.asiantribune.com/node/92054,"Asian Tribune is published by World Institute For Asian Studies|Powered by WIAS Vol. 12 No. 2676 Karuanidhi Laid To Rest With Full State Honors On The Marina Beach DMK president M Karunanidhi, who passed away in Chennai, aged 94, was laid to rest Yesterday (Wednesday 07th August), with full state ho…",full-text,gdelt,2026-10-11
4866,2018-08-09,2018,"Karunanidhi Laid To Rest At Marina After Court Battle, Lakhs Bid Adieu | Outlook India",கல்வெட்டு,Inscription / Epigraphy,inscription,"Tamil Nadu, Puducherry, Kerala, Karnataka, Andhra / Telangana",outlookindia.com,Unknown,English/Other,https://www.outlookindia.com/website/story/karunanidhi-laid-to-rest-at-marina-after-court-battle-lakhs-bid-adieu/314723,,"Muthuvel Karunanidhi, a doyen of Dravidian politics, was today laid to rest on the Marina beachfront as a sea of humanity bid him a tearful farewell after an unsavoury courtroom battle his party won to secure for him the final resting place at the Chennai landmark. The country's high and mighty desc…",full-text,gdelt,2026-10-11
4867,2018-08-09,2018,Karunanidhi laid to rest in Marina Beach next to mentor Annadurai,கல்வெட்டு,Inscription / Epigraphy,inscription,"Tamil Nadu, Sri Lanka, Malaysia",indianexpress.com,India,English/Other,https://indianexpress.com/article/india/karunanidhi-laid-to-rest-in-marina-beach-next-to-mentor-annadurai-dmk-stalin-chennai-modi-rahul-gandhi-5298495/,https://web.archive.org/web/2/https://indianexpress.com/article/india/karunanidhi-laid-to-rest-in-marina-beach-next-to-mentor-annadurai-dmk-stalin-chennai-modi-rahul-gandhi-5298495/,"Premium Tears flowed freely, slogans rent the air as DMK president M Karunanidhi, who passed away in Chennai at age 94, was laid to rest Wednesday with full state honours on the Marina Beach where people turned out in thousands to pay their final tributes. As family members sobbed and leaders of pol…",full-text,gdelt,2026-10-11
4869,2018-08-09,2018,’நண்பனுக்கு’ முதல் ‘என் உயிரினும் மேலான’ வரை... கருணாநிதியின் கடிதங்களில் ஒரு பயணம்!,கல்வெட்டு,Inscription / Epigraphy,கல்வெட்டு,Tamil Nadu,vikatan.com,India,Tamil,https://www.vikatan.com/news/tamilnadu/133448-dmk-chief-karunanidhi-letter-to-party-cadres.html,,Open App ’நண்பனுக்கு’ முதல் ‘என் உயிரினும் மேலான’ வரை... கருணாநிதியின் கடிதங்களில் ஒரு பயணம்! கருணாநிதி கடிதங்கள் தன் கட்சித் தொண்டர்களுடன் கருணாநிதி அளவுக்கு அணுக்கமாக இருந்த தலைவர்கள் என்று எடுத்துக்கொண்டால் வேறு யாரும் இருந்திருப்பார்களா என்பது சந்தேகமே. அப்படியே இருந்தாலும் மிகவும் சொற்பமானவர்கள…,full-text,gdelt,2026-10-11
4870,2018-08-08,2018,DMK chief Karunanidhi laid to rest at Marina; lakhs bid adieu,கல்வெட்டு,Inscription / Epigraphy,inscription,"Tamil Nadu, Puducherry, Kerala, Karnataka, Andhra / Telangana",newindianexpress.com,India,English/Other,http://www.newindianexpress.com/states/tamil-nadu/2018/aug/08/dmk-chief-karunanidhi-laid-to-rest-at-marina-lakhs-bid-adieu-1855073.html,,"Tamil Nadu DMK chief Karunanidhi laid to rest at Marina; lakhs bid adieu The doyen of Dravidian politics, Karunanidhi, was buried with full military honours with soldiers giving him a gun salute and buglars sounding the last post. CHENNAI: Muthuvel Karunanidhi, a doyen of Dravidian politics, was tod…",full-text,gdelt,2026-10-11
4871,2018-08-08,2018,"Doyen of Dravidian politics M Karunanidhi laid to rest at Marina Beach, sea of humanity bid him tearful adieu",கல்வெட்டு,Inscription / Epigraphy,inscription,"Tamil Nadu, Puducherry, Kerala, Karnataka, Andhra / Telangana",indiatvnews.com,Unknown,English/Other,https://www.indiatvnews.com/news/india-doyen-of-dravidian-politics-m-karunanidhi-laid-to-rest-at-marina-beach-sea-of-humanity-bid-him-tearful-adieu-457191,https://web.archive.org/web/2/https://www.indiatvnews.com/news/india-doyen-of-dravidian-politics-m-karunanidhi-laid-to-rest-at-marina-beach-sea-of-humanity-bid-him-tearful-adieu-457191,"DMK patriarch and Tamil Nadu’s “Kalaignar” M Karunanidhi was finally laid to test at the Marina Beach in Chennai as lakhs of people including political leaders, family members and DMK workers bid him a tearful adieu. Karunanidhi was buried after an unsavoury courtroom battle that his party won to se…",full-text,gdelt,2026-10-11
4872,2018-08-08,2018,"Dravidian doyen M Karunanidhi laid to rest at Marina, lakhs bid adieu | Dravidian doyen M Karunanidhi laid to rest at Marina, lakhs bid adieu",கல்வெட்டு,Inscription / Epigraphy,inscription,"Tamil Nadu, Puducherry, Kerala, Karnataka, Andhra / Telangana",deccanchronicle.com,India,English/Other,https://www.deccanchronicle.com/nation/current-affairs/080818/dravidian-doyen-m-karunanidhi-laid-to-rest-at-marina-lakhs-bid-adieu.html,,"Dravidian doyen M Karunanidhi laid to rest at Marina, lakhs bid adieu Karunanidhi was buried with full military honours with soldiers giving him a gun salute and buglars sounding the last post. Chennai: Muthuvel Karunanidhi, a doyen of Dravidian politics, was on Wednesday laid to rest on the Marina …",full-text,gdelt,2026-10-11
4873,2018-08-08,2018,"Dravidian doyen M Karunanidhi laid to rest at Marina, lakhs bid adieu | Dravidian doyen M Karunanidhi laid to rest at Marina, lakhs bid adieu",கல்வெட்டு,Inscription / Epigraphy,inscription,"Tamil Nadu, Puducherry, Kerala, Karnataka, Andhra / Telangana",asianage.com,Unknown,English/Other,http://www.asianage.com/india/all-india/080818/dravidian-doyen-m-karunanidhi-laid-to-rest-at-marina-lakhs-bid-adieu.html,,"Dravidian doyen M Karunanidhi laid to rest at Marina, lakhs bid adieu Karunanidhi was buried with full military honours with soldiers giving him a gun salute and buglars sounding the last post. Chennai: Muthuvel Karunanidhi, a doyen of Dravidian politics, was on Wednesday laid to rest on the Marina …",full-text,gdelt,2026-10-11
4874,2018-08-08,2018,Kalaignar Karunanidhi laid to rest at Marina Beach,கல்வெட்டு,Inscription / Epigraphy,inscription,Tamil Nadu,indiatoday.in,India,English/Other,https://www.indiatoday.in/india/story/karunanidhi-funeral-burial-anna-memorial-marina-beach-chennai-1309067-2018-08-08,,"Kalaignar Karunanidhi laid to rest at Marina Beach Karunanidhi, a towering figure in Dravidian politics who was known for his wit and literary prowess, died yesterday in Chennai, aged 94. Karunanidhi was buried today just as he lived -- clad in a yellow scarf, wearing thick glasses, and surrounded b…",full-text,gdelt,2026-10-11
4875,2018-08-08,2018,Karunanidhi Laid To Rest At Marina; Lakhs Bid Adieu,கல்வெட்டு,Inscription / Epigraphy,inscription,"Tamil Nadu, Puducherry, Kerala, Karnataka, Andhra / Telangana",english.sakshi.com,Unknown,English/Other,https://english.sakshi.com/politics/2018/08/08/karunanidhi-laid-to-rest-at-marina-lakhs-bid-adieu,https://web.archive.org/web/2/https://english.sakshi.com/politics/2018/08/08/karunanidhi-laid-to-rest-at-marina-lakhs-bid-adieu,"Karunanidhi Laid To Rest At Marina; Lakhs Bid Adieu Chennai: Muthuvel Karunanidhi, a doyen of Dravidian politics, was today laid to rest on the Marina beachfront as a sea of humanity bid him a tearful farewell after an unsavoury courtroom battle his party won to secure for him the final resting plac…",full-text,gdelt,2026-10-11
4876,2018-08-08,2018,"Karunanidhi laid to rest at Chennai's Marina Beach next to mentor CN Annadurai as lakhs bid farewell - India News , Firstpost",கல்வெட்டு,Inscription / Epigraphy,inscription,"Tamil Nadu, Puducherry, Kerala, Karnataka, Andhra / Telangana",firstpost.com,Unknown,English/Other,https://www.firstpost.com/india/karunanidhi-laid-to-rest-at-chennais-marina-beach-next-to-mentor-cn-annadurai-as-lakhs-bid-farewell-4922511.html,https://web.archive.org/web/2/https://www.firstpost.com/india/karunanidhi-laid-to-rest-at-chennais-marina-beach-next-to-mentor-cn-annadurai-as-lakhs-bid-farewell-4922511.html,"Karunanidhi laid to rest at Chennai's Marina Beach next to mentor CN Annadurai as lakhs bid farewell The country's high and mighty descended on the city to pay their last respects to Karunanidhi, who left an indelible imprint on the Tamil Nadu's public life for decades through his literary, cinemati…",full-text,gdelt,2026-10-11
4877,2018-08-08,2018,Karunanidhi laid to rest at Marina after court battle; lakhs bid adieu,கல்வெட்டு,Inscription / Epigraphy,inscription,"Tamil Nadu, Puducherry, Kerala, Karnataka, Andhra / Telangana",tribuneindia.com,Unknown,English/Other,https://www.tribuneindia.com/news/nation/karunanidhi-laid-to-rest-at-marina-after-court-battle-lakhs-bid-adieu/634188.html,https://web.archive.org/web/2/https://www.tribuneindia.com/news/nation/karunanidhi-laid-to-rest-at-marina-after-court-battle-lakhs-bid-adieu/634188.html,"Chennai, August 8 Muthuvel Karunanidhi, a doyen of Dravidian politics, was today laid to rest on the Marina beachfront as a sea of humanity bid him a tearful farewell after an unsavoury courtroom battle his party won to secure for him the final resting place at the Chennai landmark. A stampede among…",full-text,gdelt,2026-10-11
4878,2018-08-08,2018,Karunanidhi laid to rest at Marina as teary-eyed supporters bid goodbye,கல்வெட்டு,Inscription / Epigraphy,inscription,"Tamil Nadu, Puducherry, Kerala, Karnataka, Andhra / Telangana",dnaindia.com,Unknown,English/Other,http://www.dnaindia.com/india/report-karunanidhi-laid-to-rest-at-marina-as-teary-eyed-supporters-bid-goodbye-2647418,,"Advertisement Latest NewsIndia INDIA Karunanidhi was buried at Marina beach with full military honours with soldiers giving him a gun salute and buglars sounding the last post. Muthuvel Karunanidhi, a doyen of Dravidian politics, was on Wednesday laid to rest on the Marina beachfront as a sea of hum…",full-text,gdelt,2026-10-11
4879,2018-08-08,2018,Rest in peace Kalaignar: Lakhs bid tearful farewell to Karunanidhi,கல்வெட்டு,Inscription / Epigraphy,inscription,"Tamil Nadu, Puducherry, Kerala, Karnataka, Andhra / Telangana",theweek.in,India,English/Other,https://www.theweek.in/news/india/2018/08/08/Rest-in-peace-Kalaignar-Lakhs-bid-tearful-farewell-to-Karunanidhi.html,,"Muthuvel Karunanidhi, a doyen of Dravidian politics, was on Wednesday laid to rest on the Marina beachfront as a sea of humanity bid him a tearful farewell after an unsavoury courtroom battle his party won to secure for him the final resting place at the Chennai landmark. The country's high and migh…",full-text,gdelt,2026-10-11
4881,2018-08-04,2018,How M Karunanidhi's Supporters Bid Adieu To Their Leader,கல்வெட்டு,Inscription / Epigraphy,inscription,Tamil Nadu,msn.com,Unknown,English/Other,http://www.msn.com/en-in/news/south-india/how-m-karunanidhis-supporters-bid-adieu-to-their-leader/ar-BBLFulb,https://web.archive.org/web/2/http://www.msn.com/en-in/news/south-india/how-m-karunanidhis-supporters-bid-adieu-to-their-leader/ar-BBLFulb,"How M Karunanidhi's Supporters Bid Adieu To Their Leader Chennai: They came in their thousands to Rajaji Hall. They came to pay tribute and say goodbye to a man who was perhaps the last political giant of Tamil Nadu - truly, to use that cliche - the end of an era. 94-year-old M Karunanidhi had been …",full-text,gdelt,2026-10-11
4882,2018-08-02,2018,கோயில் நிர்வாகத்தில் மெத்தனம் காட்டுகிறதா அறநிலையத்துறை?- குற்றம் சாட்டும் சமூக ஆர்வலர்கள்!,"கல்வெட்டு, தொல்லியல்","Inscription / Epigraphy, Archaeology / Excavation","கல்வெட்டு, கல்வெட்டுகள், கல்வெட்டு ஆய்வாளர், தொல்லியல், தொல்லியல் துறை, தொல்பொருள்","Tamil Nadu, Andhra / Telangana",vikatan.com,India,Tamil,https://www.vikatan.com/news/spirituality/132755-tamilnadu-minister-for-religious-and-charitable-endowments-mute-to-demolition-of-temple-heritage-in-tamilnadu.html,,"Open App கோயில் நிர்வாகத்தில் மெத்தனம் காட்டுகிறதா அறநிலையத்துறை?- குற்றம் சாட்டும் சமூக ஆர்வலர்கள்! சீரமைப்புப் பணிகள் என்ற பெயரில் தமிழக அரசின் அறநிலையத்துறையே பழங்காலச் சிற்பங்கள், ஓவியங்கள், கல்வெட்டுகளைச் சிதைத்து வருகிறது’ ‘சீரமைப்புப் பணிகள் என்ற பெயரில் தமிழக அரசின் அறநிலையத்துறையே பழங்காலச்…",full-text,gdelt,2026-10-11
4883,2018-08-01,2018,The Serpent: Fear And Fascination,"கல்வெட்டு, தொல்லியல்","Inscription / Epigraphy, Archaeology / Excavation","inscription, archaeologist","Tamil Nadu, Kerala, Karnataka, Andhra / Telangana",swarajyamag.com,Unknown,English/Other,https://swarajyamag.com/magazine/the-serpent-fear-and-fascination,,"Magazine Aravindan Neelakandan Aug 01, 2018 | Updated 03:06 PM GMT+5:30 Save & read from anywhere! Bookmark stories for easy access on any device or the Swarajya app. The monsoon in India brings out the snakes. They have a primordial relation to humans. Every human culture has feared the snakes and …",full-text,gdelt,2026-10-11
4892,2018-07-18,2018,“நாங்கள் தூர்வாரினோம்... ரூ.19 லட்சம் செலவழித்ததாக அதிகாரிகள் கல்வெட்டு வைத்தனர்!”,கல்வெட்டு,Inscription / Epigraphy,கல்வெட்டு,Tamil Nadu,vikatan.com,India,Tamil,https://www.vikatan.com/juniorvikatan/2018-jul-22/exposure/142698-19-lakhs-scam-in-trichy-gundur-pond-cleaning-work.html,,"“நாங்கள் தூர்வாரினோம்... ரூ.19 லட்சம் செலவழித்ததாக அதிகாரிகள் கல்வெட்டு வைத்தனர்!” ‘மகாத்மா காந்தி தேசிய ஊரக வேலை உறுதித் திட்டத்தைச் செயல்படுத்து வதில் தமிழகம் முன்னோடி மாநிலமாக விளங்குகிறது’ என்று சட்டமன்றத்தில் பெருமையாகப் பேசினார் உள்ளாட்சித் துறை அமைச்சர் எஸ்.பி.வேலுமணி. ஆனால், இந்தத் திட்டத்தி…",full-text,gdelt,2026-10-11
4893,2018-07-16,2018,Chithra Madhavan on taking History to a wider audience,"கல்வெட்டு, தொல்லியல்","Inscription / Epigraphy, Archaeology / Excavation","inscription, inscriptions, archaeological",Tamil Nadu,thehindu.com,India,English/Other,https://www.thehindu.com/news/cities/chennai/chithra-madhavan-on-taking-history-to-a-wider-audience/article24434077.ece,,"Edward Gibbons took 13 years to write The History of the Decline and Fall of the Roman Empire , spanning seven centuries and three continents. The acclaimed book sits plumb on a glass shelf, jostling for space in her hall filled with a bronzed figurine of Krishna’s nag nrithya , wooden replicas of H…",full-text,gdelt,2026-10-11
4895,2018-07-08,2018,குளத்தில் சோழர்கால கல்வெட்டுக்கள்! உத்திரமேரூர் பொக்கிஷங்கள்,"கல்வெட்டு, தொல்லியல்","Inscription / Epigraphy, Archaeology / Excavation","கல்வெட்டு, கல்வெட்டுகள், கல்வெட்டுக்கள், கல்வெட்டு ஆய்வாளர், தொல்லியல், தொல்லியல் துறை",Tamil Nadu,vikatan.com,India,Tamil,https://www.vikatan.com/news/tamilnadu/130183-uttiramerur-inscriptions-were-found-in-pond.html,,Open App குளத்தில் சோழர்கால கல்வெட்டுக்கள்! உத்திரமேரூர் பொக்கிஷங்கள் உத்தரமேரூர் பகுதியில் பழைமையான குளம் ஒன்றைத் தூர்வாரும்போது சோழர்கால கல்வெட்டுகள் மற்றும் சிற்பங்கள் கிடைத்துள்ளன. மேலும் இந்தப்பகுதியில் தொடர்ந்து ஆய்வு செய்தால் இன்னும் நிறையக் கல்வெட்டுக்கள் கிடைக்க வாய்ப்பு இருக்கின்றன. அவற்றி…,full-text,gdelt,2026-10-11
4897,2018-06-25,2018,இன அரசியல் 14: தமிழர் இனம்,"கல்வெட்டு, தொல்லியல்","Inscription / Epigraphy, Archaeology / Excavation","கல்வெட்டு, தொல்லியல், தொல்லியல் துறை, ஆதிச்சநல்லூர், archaeological","Tamil Nadu, Sri Lanka",dinamani.com,India,Tamil,http://www.dinamani.com/arasiyal-payilvom/2018/jun/25/%E0%AE%87%E0%AE%A9-%E0%AE%85%E0%AE%B0%E0%AE%9A%E0%AE%BF%E0%AE%AF%E0%AE%B2%E0%AF%8D-14-%E0%AE%A4%E0%AE%AE%E0%AE%BF%E0%AE%B4%E0%AE%B0%E0%AF%8D-%E0%AE%87%E0%AE%A9%E0%AE%AE%E0%AF%8D-2946944.html,,தமிழர் யார்? கன்னியாகுமரிக்குத் தெற்கே பரவியிருந்த லெமூரியா கண்டத்திலிருந்து வந்தவர் என்பர் ஒரு சாரார். அந்த நிலப்பரப்பை ”நாவலந்தீவு” எனப் பெயரிட்டு அழைத்தனர். கால்டுவெல் முதலானோர் தமிழர்களின் முன்னோர் மத்திய ஆசியாவிலிருந்து வந்திருக்கலாம் என்பர். கங்கைச் சமவெளியிலிருந்து வந்து குடியேறியவர்கள் என்கி…,full-text,gdelt,2026-10-11
4899,2018-06-22,2018,கலிங்கம் காண்போம் - பகுதி 56 - பரவசமூட்டும் பயணத்தொடர்,"கல்வெட்டு, தொல்லியல்","Inscription / Epigraphy, Archaeology / Excavation","கல்வெட்டு, கல்வெட்டுகள், அகழ்வாய்வு",Tamil Nadu,tamil.oneindia.com,India,Tamil,https://tamil.oneindia.com/art-culture/essays/exploring-odissa-kalingam-56-322624.html,,கலிங்கம் காண்போம் - பகுதி 56 - பரவசமூட்டும் பயணத்தொடர் -கவிஞர் மகுடேசுவரன் குரங்குக் கூட்டத்திடையே சற்று நேரம் அமர்ந்திருந்துவிட்டு எழுந்தேன். இனி மேற்காகச் செல்ல வேண்டும். அவ்விடத்தில்தான் மேலும் பல குகைகள் இருக்கின்றன. உதயகிரிக் குன்றத்தின் வரலாற்றுச் சிறப்புக்குக் காரணமான “ஹாத்தி கும்பாக் குகை” அ…,full-text,gdelt,2026-10-11
4900,2018-06-21,2018,இன அரசியல்-13: நாகர் இனம்,"கல்வெட்டு, தொல்லியல்","Inscription / Epigraphy, Archaeology / Excavation","கல்வெட்டு, கல்வெட்டுகள், கல்வெட்டுக்கள், கல்வெட்டியல், தொல்லியல், தொல்லியல் துறை, அகழாய்வு, அகழ்வாராய்ச்சி, முதுமக்கள் தாழி, ஆதிச்சநல்லூர்","Tamil Nadu, Kerala, Sri Lanka",dinamani.com,India,Tamil,http://www.dinamani.com/arasiyal-payilvom/2018/jun/21/%E0%AE%87%E0%AE%A9-%E0%AE%85%E0%AE%B0%E0%AE%9A%E0%AE%BF%E0%AE%AF%E0%AE%B2%E0%AF%8D-13-%E0%AE%A8%E0%AE%BE%E0%AE%95%E0%AE%B0%E0%AF%8D-%E0%AE%87%E0%AE%A9%E0%AE%AE%E0%AF%8D-2944347.html,,"நாகர்கள் (Nagas) நாகா என்பது பாம்பு என்று பொருள்படுவதாக ஜான் ஓவன் (John owen) குறிப்பிடுகிறார். குமரி முதல் இமயப் பனிமலை வரையிலும் மேற்கில் மொகஞ்சதாரோ-ஹரப்பா முதல், கிழக்கில் மேகாலயா - நாகாலாந்து வரையிலும் பரவிக் கிடந்த திராவிடப் பெருநிலப் பரப்பில் வாழ்ந்த மக்களைத் திராவிடர்கள் என்றும், இவர்களுக்கு …",full-text,gdelt,2026-10-11
4905,2018-06-17,2018,How These Discoveries Changed India’s History,"கல்வெட்டு, தொல்லியல்","Inscription / Epigraphy, Archaeology / Excavation","inscription, inscriptions, archaeological, archaeological excavation","Tamil Nadu, Kerala, Egypt, China",swarajyamag.com,Unknown,English/Other,https://swarajyamag.com/ideas/how-these-discoveries-changed-indias-history,,"Ideas Vijender Sharma Jun 17, 2018 | Updated 02:26 PM GMT+5:30 Save & read from anywhere! Bookmark stories for easy access on any device or the Swarajya app. The discovery of the cities of Mohenjo-daro and Harappa in the early twentieth century, was the greatest archaeological feat in Indian History…",full-text,gdelt,2026-10-11
4907,2018-06-14,2018,ஆஸ்திரேலிய அருங்காட்சியகத்திலிருந்து ஏழு சிலைகள் தமிழகத்திற்கு எப்போது வரும்?,"கல்வெட்டு, தொல்லியல்","Inscription / Epigraphy, Archaeology / Excavation","கல்வெட்டு, செப்பேடு, செப்பேடுகள், தொல்லியல்",Tamil Nadu,vikatan.com,India,Tamil,https://www.vikatan.com/news/spirituality/127713-stolen-idols-should-return-to-their-rightful-place-in-tamil-nadu.html,,"Open App ஆஸ்திரேலிய அருங்காட்சியகத்திலிருந்து ஏழு சிலைகள் தமிழகத்திற்கு எப்போது வரும்? திருடுபோன சிலைகள்... மீட்பு நடவடிக்கைகள்... சமூக ஆர்வலர்களின் ஆதங்கம்! தமிழக வரலாற்றுச் சின்னங்களின் பெருமைகளையும், அருமைகளையும் நாம் அறிந்துவைத்திருக்கிறோமோ இல்லையோ... நம்மைவிட வெளிநாட்டவர்கள் நன்கு அறிந்துவைத்தி…",full-text,gdelt,2026-10-11
4908,2018-06-07,2018,Angkor Wat: A bridge to the past,"கல்வெட்டு, தொல்லியல்","Inscription / Epigraphy, Archaeology / Excavation","inscription, inscriptions, archaeological, archaeologist","Tamil Nadu, Sri Lanka, Thailand, China, Cambodia",thehindu.com,India,English/Other,http://www.thehindu.com/society/history-and-culture/angkor-wat-a-bridge-to-the-past/article24103506.ece,,"The devas and asuras still exist in the form of gigantic sculptures of the former Khmer Empire in Siem Reap province, Cambodia. They stand, enormous legs braced on the ground, as they pull the serpent Vasuki as a rope, and churn away at the Ocean of milk. They live in an eternal tug-of-war in the te…",full-text,gdelt,2026-10-11
4909,2018-06-05,2018,A Glimpse Into The Andhra Satavahanas,"கல்வெட்டு, தொல்லியல்","Inscription / Epigraphy, Archaeology / Excavation","inscription, inscriptions, archaeology","Tamil Nadu, Karnataka, Andhra / Telangana",english.sakshi.com,Unknown,English/Other,http://english.sakshi.com/guest-column/2018/06/05/a-glimpse-into-the-andhra-satavahanas,https://web.archive.org/web/2/http://english.sakshi.com/guest-column/2018/06/05/a-glimpse-into-the-andhra-satavahanas,"Ravi Valluri The year was 1982. Headlines of several newspapers screamed that N.T.Rama Rao (NTR) and Ramakrishna Hegde had formed non-Congress governments in Andhra Pradesh and Karnataka respectively. Soon I was accosted by a few friends in the Hindu College canteen, where I was then a student. As a…",full-text,gdelt,2026-10-11
4910,2018-06-05,2018,Why D N Jha’s Claim That Ancient Hindus Were Given To Violence Is Far From The Truth,கல்வெட்டு,Inscription / Epigraphy,"inscription, inscriptions","Tamil Nadu, China",swarajyamag.com,Unknown,English/Other,https://swarajyamag.com/ideas/why-d-n-jhas-claim-that-ancient-hindus-were-given-to-violence-is-far-from-the-truth,,"Ideas Aravindan Neelakandan Jun 06, 2018 | Updated 04:04 PM GMT+5:30 Save & read from anywhere! Bookmark stories for easy access on any device or the Swarajya app. Dwijendra Narayan Jha is a historian belonging to the Soviet-subsidised school of Marxist history in Delhi. Earlier, his books were brou…",full-text,gdelt,2026-10-11
5573,2010-03-15,2010,Rooster,"கல்வெட்டு, தொல்லியல்","Inscription / Epigraphy, Archaeology / Excavation","inscription, archaeological, archaeological excavations","Tamil Nadu, Kerala, Andhra / Telangana, Thailand, Malaysia, Indonesia, Vietnam, China",encyclopedia.tfd.com,Unknown,English/Other,http://encyclopedia.tfd.com/Rooster,https://web.archive.org/web/2/http://encyclopedia.tfd.com/Rooster,"Rooster Also found in: Dictionary, Thesaurus, Medical, Idioms, Encyclopedia. A rooster, also known as a cockerel or cock, is a male gallinaceous bird, usually a male chicken (Gallus gallus). Mature male chickens less than one year old are called cockerels. The term ""rooster"" originates in the United…",full-text,gdelt,2026-10-11
5592,2003-02-01,2003,Jewel of the Indian Ocean,தொல்லியல்,Archaeology / Excavation,"archaeology, archaeological","Sri Lanka, Egypt",archaeology.org:80,Unknown,English/Other,https://www.archaeology.org:80/0207/abstracts/srilanka.html,https://web.archive.org/web/20050210110232/https://www.archaeology.org:80/0207/abstracts/srilanka.html,"| | | | | | After a 25-year civil war ends, scholars and tourists return to explore Sri Lanka's Buddhist heritage. The tropical island paradise of Sri Lanka, 30 miles off the southern tip of India, is today, as in the past, a source for spices and gemstones, as well as an exotic destination for thos…",full-text,wayback:archaeology.org,2026-10-11
